first_name,last_name,email,contact,Company,Risk,Status
Abbie,Fettes,afettes1u@apple.com,7624716204,Demivee,Red,Active
Abdul,Lowrie,alowriena@macromedia.com,3719166545,Dazzlesphere,Green,Active
Adaline,Robiot,arobiotev@purevolume.com,1388816611,Skinder,Orange,Active
Addy,Dehmel,adehmelaz@yahoo.co.jp,5832459083,Tavu,Orange,InActive
Addy,Spendlove,aspendlovei2@multiply.com,2916842812,Kare,Green,Active
Adele,Fitzer,afitzerh4@dailymotion.com,3537881315,Tambee,Orange,Active
Adey,Beagin,abeagin9l@pbs.org,3722549233,Jabberbean,Orange,Active
Aggy,Ortler,aortler5r@nytimes.com,4675660091,Wikido,Red,Active
Agnese,Hastings,ahastings88@uiuc.edu,5192438808,Brainsphere,Orange,Active
Agnesse,Gravett,agravettpr@imgur.com,8158912862,Trudeo,Green,InActive
Agneta,Coulthurst,acoulthurstly@toplist.cz,3939996387,Mydo,Green,Active
Aila,Spadoni,aspadoni71@nbcnews.com,4429731976,Ooba,Red,Active
Ailsun,Parkyns,aparkynse9@omniture.com,6434659748,Jazzy,Orange,Active
Ainsley,Cail,acaila5@ehow.com,9253449219,Wordtune,Orange,Active
Ainslie,Grimsell,agrimsellpg@miitbeian.gov.cn,6728256078,Meedoo,Green,InActive
Alain,Harnell,aharnell81@redcross.org,5657922354,Podcat,Orange,Active
Alair,Rebert,arebert52@biblegateway.com,6491407825,Avamm,Red,Active
Alanah,Fridaye,afridayea8@devhub.com,6582150986,Jatri,Orange,Active
Alasdair,Duigenan,aduigenan54@elegantthemes.com,8105568422,Jabbertype,Red,Active
Alberik,Harrisson,aharrissonen@de.vu,1841009534,Photofeed,Orange,Active
Aldric,Orcott,aorcott30@pagesperso-orange.fr,8524882014,Layo,Red,Active
Aleen,Coit,acoit5d@whitehouse.gov,5589041826,Rhybox,Red,Active
Alexandra,Peacham,apeachami5@yandex.ru,7405282407,Skiba,Green,Active
Alexina,Labell,alabell3l@hud.gov,5633666182,Tagpad,Red,Active
Alfi,Riccardini,ariccardiniqq@wsj.com,4085550659,Skajo,Green,Active
Alfonse,Spitaro,aspitaro9@businessinsider.com,5969737215,Linklinks,Red,Active
Alfonso,Harridge,aharridgem8@hc360.com,5838288845,Yakijo,Green,Active
Ali,Brearley,abrearley6y@engadget.com,9893278993,Twitterlist,Red,Active
Alida,Thamelt,athamelt9h@4shared.com,4398514504,Blognation,Orange,Active
Alisun,Goodlett,agoodletth7@wikimedia.org,4071375726,Jazzy,Orange,Active
Alli,Boake,aboakeqh@google.de,7564430502,Quimm,Green,Active
Allx,Lyst,alyst4n@pinterest.com,7345283415,Dabjam,Red,Active
Allys,Callan,acallan8@seesaa.net,1964833602,Browseblab,Red,Active
Aluin,Lockhead,alockheadch@cnn.com,4857543302,Skinte,Orange,Active
Aluino,Aistrop,aaistrophz@goo.ne.jp,8211433332,Quinu,Green,Active
Alvy,Curuclis,acuruclis7q@independent.co.uk,1898301062,Edgeclub,Orange,InActive
Alysia,Hulme,ahulmekt@tripadvisor.com,6372838757,Innotype,Green,Active
Amara,Chattock,achattockju@so-net.ne.jp,4671771206,DabZ,Green,Active
Amber,Woonton,awoontoncl@shinystat.com,6712716058,Viva,Orange,Active
Ame,Etoile,aetoile1m@disqus.com,9912951784,Dynabox,Red,Active
Amity,Dorkens,adorkenskm@eepurl.com,1908592030,Aibox,Green,Active
Anastasie,Belleny,abellenylt@elpais.com,5682737848,Layo,Green,Active
Andrea,Bogey,abogey5q@weather.com,9934883952,Wikibox,Red,Active
Andrew,Lorain,aloraine7@123-reg.co.uk,2322786243,Dynabox,Orange,Active
Angelia,Wass,awass2x@sbwire.com,8389397761,Vinte,Red,Active
Angie,Siseland,asiseland87@army.mil,6378268013,Twimbo,Orange,Active
Angie,Liebrecht,aliebrechtkn@google.pl,5033364052,Skaboo,Green,InActive
Ania,Pudner,apudnerqt@bbc.co.uk,2644475079,Topiczoom,Green,InActive
Anica,Rosenfelder,arosenfelderkk@zimbio.com,3947377669,Flashdog,Green,Active
Annabell,Campe,acampehc@studiopress.com,6929215695,Mynte,Orange,InActive
Annamaria,Gumey,agumey7@buzzfeed.com,9551462856,Photobean,Red,Active
Annamarie,Guise,aguiseg3@techcrunch.com,8746450446,Twimbo,Orange,Active
Annora,Rallin,arallinne@wunderground.com,1034289832,Jatri,Green,Active
Antin,Wimmers,awimmersex@hud.gov,7596932445,Trudeo,Orange,Active
Antin,Waples,awaplesnn@mayoclinic.com,7171342320,Avavee,Green,InActive
Anton,Baddam,abaddamby@acquirethisname.com,1796962115,Brightbean,Orange,Active
Anya,Empson,aempsondq@sohu.com,6786173858,Jaxnation,Orange,Active
Arabel,Foker,afokeram@disqus.com,3395176837,DabZ,Orange,Active
Arabel,Blandford,ablandfordj1@skype.com,2912362714,Skilith,Green,InActive
Arabela,O'Corrane,aocorrane6k@ted.com,5685530596,Skipstorm,Red,Active
Ardath,Barkworth,abarkworth2e@seattletimes.com,4088304126,Meezzy,Red,InActive
Arden,Oldridge,aoldridgehv@ca.gov,1113196297,Kwilith,Green,Active
Arliene,Giller,agillerf6@webeden.co.uk,7141076064,Blogspan,Orange,Active
Arline,Harpur,aharpurr1@cdbaby.com,7804017062,Skinte,Green,InActive
Arne,Samwaye,asamwayeia@dyndns.org,9306533412,Avamba,Green,InActive
Arnold,MoActiveey,amoActiveey8a@biglobe.ne.jp,6544875347,Tagfeed,Orange,Active
Artemis,Blaxter,ablaxter1@facebook.com,3905413817,Babbleset,Red,Active
Asa,Gentzsch,agentzschdx@tripod.com,5748778590,InnoZ,Orange,InActive
Asia,Bowe,abowe8h@mapy.cz,8033148500,Meevee,Orange,InActive
Astrix,Bernardet,abernardet6s@msn.com,8337099799,Ntag,Red,Active
Audi,Echallie,aechalliem3@ca.gov,2237297550,Eire,Green,Active
Audra,Hawkwood,ahawkwood13@jalbum.net,2284668969,Voonix,Red,Active
Audre,Linthead,alintheadjh@cnet.com,3049749891,Brainbox,Green,Active
Audrey,Boatman,aboatman6a@opera.com,7379728216,Yodo,Red,Active
Augy,Joannet,ajoannet1t@sphinn.com,9366205776,Topdrive,Red,Active
Augy,Solland,asolland47@nature.com,3931861858,Abata,Red,Active
Austina,Renner,arennerbp@cnbc.com,6991267672,Yacero,Orange,Active
Averil,Brandi,abrandin@springer.com,1671678561,Midel,Red,Active
Avis,Robjents,arobjentsjr@dot.gov,5286270607,Flipopia,Green,Active
Avrom,Noar,anoarc4@newyorker.com,8723745604,Jabbersphere,Orange,Active
Bailey,Wenden,bwendenew@tuttocitta.it,7699414816,Yodel,Orange,Active
Baldwin,Raymen,braymen3r@cmu.edu,2882605302,Edgeblab,Red,Active
Bard,Popley,bpopleyiw@de.vu,6198205434,Topicshots,Green,InActive
Bartlet,Wiffler,bwiffleros@army.mil,8146333345,Eabox,Green,Active
Bax,Druhan,bdruhanic@networksolutions.com,6782859172,Aibox,Green,Active
Beatrice,Negal,bnegalfn@businesswire.com,7941134978,Ntag,Orange,Active
Becka,Birkhead,bbirkheadmb@technorati.com,4294143295,Buzzbean,Green,Active
Belle,Walisiak,bwalisiakny@intel.com,8233060666,Yotz,Green,Active
Bendick,Maudling,bmaudling43@princeton.edu,1854993208,Realfire,Red,Active
Benedetto,Branchflower,bbranchfloweroh@sbwire.com,7533772335,Chatterbridge,Green,Active
Bent,Meaders,bmeadersks@rediff.com,7055959077,Oyondu,Green,Active
Benton,Thaim,bthaimjp@domainmarket.com,8126236249,Yambee,Green,Active
Berkeley,Cromett,bcromett3t@topsy.com,7363161305,Rhybox,Red,Active
Bernardo,Pereira,bpereirabs@google.ca,3718057882,Topdrive,Orange,InActive
Bernelle,Boyington,bboyingtonil@spotify.com,5407144791,Skalith,Green,Active
Berta,Monteith,bmonteithk0@ifeng.com,8189971274,Omba,Green,Active
Berton,Dresche,bdrescheck@skyrock.com,2868675140,Feedfire,Orange,Active
Bertram,Manneville,bmannevilleol@php.net,2821676169,Bubbletube,Green,Active
Bertrand,Yaknov,byaknov4b@prweb.com,5136095517,Ainyx,Red,Active
Betsey,Harrisson,bharrissonqv@comcast.net,7866133959,Cogidoo,Green,Active
Bettina,Steynor,bsteynornw@barnesandnoble.com,1495812556,Browsetype,Green,Active
Bev,Shenton,bshenton5o@nsw.gov.au,3515669011,Thoughtstorm,Red,Active
Biddie,Hawkwood,bhawkwood4r@webmd.com,2252151288,Realfire,Red,Active
Biddy,Savoury,bsavouryo3@whitehouse.gov,2432062075,Trudeo,Green,Active
Billie,Chown,bchown4f@e-recht24.de,2858378138,Photospace,Red,Active
Billy,Summerley,bsummerleyrg@nih.gov,7409693294,Eadel,Green,Active
Blithe,Robart,brobartrm@paypal.com,3181799621,Gabcube,Green,Active
Blondy,Witheford,bwitheforddt@51.la,3108442052,Demizz,Orange,Active
Bobbee,Smallcomb,bsmallcombb9@wix.com,1223888598,Jaxworks,Orange,Active
Bobina,Mulliss,bmullissdm@google.co.uk,9137437583,Jabbertype,Orange,Active
Bord,Innot,binnotlh@fc2.com,2852558853,Wikivu,Green,Active
Boris,Meeland,bmeeland1y@dell.com,4964115211,Skiptube,Red,Active
Bradan,Begwell,bbegwellmd@google.com.br,6045626433,Skalith,Green,Active
Bradly,Simmans,bsimmans5n@ed.gov,8749829801,Youtags,Red,Active
Brandais,Bielfeld,bbielfeldl0@spiegel.de,3148234415,Aivee,Green,Active
Bren,Pigeon,bpigeon44@paginegialle.it,5327988617,Feedspan,Red,InActive
Brett,Lavallie,blavalliej2@jugem.jp,8471367818,Youspan,Green,InActive
Brigg,Farfull,bfarfull6p@cpanel.net,8611190749,Minyx,Red,Active
Brigit,Troyes,btroyes5w@nyu.edu,3369306060,Meedoo,Red,Active
Brigit,Ruger,brugerlz@wikispaces.com,5189045310,Twitternation,Green,Active
Briny,Massot,bmassot21@jigsy.com,3598488723,Camimbo,Red,Active
Brittni,Jedrzejewicz,bjedrzejewiczh3@i2i.jp,3592463631,Ooba,Orange,Active
Brnaby,Mowen,bmowen8l@biblegateway.com,5335485849,Riffwire,Orange,Active
Bronnie,Hearnes,bhearnespl@sourceforge.net,3922220828,Eayo,Green,Active
Bryanty,Guittet,bguittet73@lycos.com,1989114369,Eayo,Red,Active
Bryce,Cansdall,bcansdalln8@businesswire.com,6437002910,Innojam,Green,Active
Bryna,Commin,bcomminj0@biblegateway.com,8781731721,Twiyo,Green,Active
Brynne,Straniero,bstranierom2@dailymotion.com,2901100532,Quatz,Green,Active
Budd,Sydall,bsydallq9@hexun.com,8269660900,Lazz,Green,Active
Caddric,Kedie,ckedieg2@clickbank.net,7299923789,Feedfish,Orange,Active
Caitrin,Jacqueme,cjacquemern@yolasite.com,9333663264,Yamia,Green,Active
Cal,Lantry,clantry7e@macromedia.com,8648112667,Dablist,Orange,Active
Callie,Hasted,chastedgz@wp.com,6039631869,Aimbu,Orange,Active
Cally,Madoc-Jones,cmadocjonesa7@alibaba.com,9649643273,Mycat,Orange,Active
Camella,Shiel,cshiel9k@surveymonkey.com,7409632561,Oozz,Orange,Active
Camella,Hawksley,chawksleygi@privacy.gov.au,7015388964,Wordware,Orange,Active
Camey,Brayford,cbrayford4v@toplist.cz,4467815925,Meembee,Red,Active
Cammie,Craske,ccraskef@wikimedia.org,3013372421,Bluejam,Red,Active
Candis,Fawdery,cfawderyar@state.tx.us,8572787489,Yambee,Orange,Active
Candis,Becerra,cbecerrada@soundcloud.com,7515927244,Realmix,Orange,Active
Cariotta,Townson,ctownsonlq@usda.gov,3122018394,Abata,Green,InActive
Carita,Isacsson,cisacssonkc@ehow.com,8602366448,Oyoba,Green,Active
Carly,Cappell,ccappelleh@ucla.edu,6101736057,Devbug,Orange,Active
Carlye,Lindsey,clindseycg@bandcamp.com,7651964489,Skimia,Orange,Active
Carma,Littler,clittler3m@nps.gov,1002316119,Zoombox,Red,Active
Carmelia,Grishin,cgrishinon@csmonitor.com,5773632780,Quatz,Green,Active
Carmelina,Bourtoumieux,cbourtoumieux3i@pcworld.com,4777034001,Kazio,Red,Active
Carmelle,Pocock,cpocockfk@wired.com,5758813483,Mynte,Orange,Active
Carolina,O'Hartigan,cohartigang7@ustream.tv,5666666357,Topiczoom,Orange,Active
Carson,Karczinski,ckarczinskib6@flavors.me,5783936573,Lazz,Orange,InActive
Carver,Setch,csetch1l@ustream.tv,9298247281,Kazio,Red,Active
Caryl,Revens,crevensn2@t.co,1879567786,Gigashots,Green,Active
Caspar,Vasic,cvasicot@bandcamp.com,3578062107,Abata,Green,InActive
Casper,Bowles,cbowlesx@statcounter.com,2801121828,Topiclounge,Red,Active
Catherine,Jotcham,cjotcham25@java.com,7127082090,Janyx,Red,Active
Catie,Sprowell,csprowell34@mac.com,5774461576,Riffpedia,Red,Active
Caz,Wickersley,cwickersleyo1@desdev.cn,3785617072,Eazzy,Green,Active
Cecil,Dorman,cdorman7l@psu.edu,4904999367,Feedmix,Orange,InActive
Cecilla,Kelcher,ckelcherpt@nytimes.com,8009222921,Pixoboo,Green,Active
Celesta,Langstone,clangstonea6@dropbox.com,4073601678,Skinte,Orange,Active
Celine,Karpol,ckarpolmx@cnbc.com,3159441726,Eare,Green,Active
Celinka,Corrigan,ccorriganqn@fc2.com,9592567607,Eayo,Green,Active
Celka,McKendo,cmckendojl@ameblo.jp,5589231481,Nlounge,Green,InActive
Cesar,Bunkle,cbunkle6m@jimdo.com,9689615850,Agimba,Red,Active
Chanda,Sorel,csorell2@posterous.com,5851202176,Thoughtstorm,Green,Active
Charis,Dunn,cdunn8m@seesaa.net,5755541267,Janyx,Orange,Active
Charla,Nani,cnani4g@netvibes.com,3231746242,Demizz,Red,Active
Charleen,McMurty,cmcmurtyw@ft.com,8068151128,Eamia,Red,Active
Charlot,Monelli,cmonelli4o@mapy.cz,2482312297,Yacero,Red,Active
Charmion,Loades,cloadesc@oracle.com,3686509782,Feedspan,Red,Active
Chelsie,Scoterbosh,cscoterboshnk@addtoany.com,1589843566,Voonix,Green,InActive
Cherlyn,Anand,canandjf@youtu.be,4899492833,Rhyloo,Green,Active
Chery,Kynoch,ckynoch9o@homestead.com,8005021272,Eidel,Orange,InActive
Ches,Corhard,ccorhardcq@moonfruit.com,7206597896,Dabshots,Orange,InActive
Cheslie,de Clercq,cdeclercqj9@hexun.com,7734463951,Wikizz,Green,Active
Chet,Costell,ccostell7m@opera.com,4705572288,Ntag,Orange,Active
Chet,Perdue,cperduem7@cmu.edu,4617111489,Trilia,Green,Active
Chev,Pennington,cpenningtonnz@epa.gov,8988653234,Divanoodle,Green,Active
Chevy,Fogarty,cfogartyl6@imdb.com,8746474889,Jabberstorm,Green,Active
Chickie,Danielsohn,cdanielsohncf@eventbrite.com,8719653730,Blogtags,Orange,Active
Chrissy,Cobbled,ccobbledf1@sourceforge.net,3581313137,Mynte,Orange,Active
Christen,Tovey,ctoveyg1@ovh.net,1809860099,Yotz,Orange,Active
Christiane,Canellas,ccanellasd2@washingtonpost.com,4362391647,Gabtype,Orange,Active
Chrystal,Huddles,chuddles9p@delicious.com,4569395099,Talane,Orange,Active
Chryste,Toogood,ctoogood7y@g.co,8863186404,Youtags,Orange,Active
Chrystel,Segar,csegargu@bloglovin.com,3133280278,Leenti,Orange,Active
Cicely,Broughton,cbroughtonab@sohu.com,8976664010,Brightdog,Orange,InActive
Cindra,Donohoe,cdonohoecw@upenn.edu,2489471122,Eadel,Orange,Active
Cindy,Deme,cdemenu@plala.or.jp,9986699018,Reallinks,Green,Active
Cirstoforo,Mannock,cmannockef@bloomberg.com,8391265315,Realcube,Orange,Active
Clair,Petris,cpetrisb4@springer.com,7668289298,Quinu,Orange,Active
Clarance,Castelain,ccastelainh2@reddit.com,5182812328,Twinder,Orange,Active
Clare,Dorward,cdorwardk8@umich.edu,9303166614,Rhynoodle,Green,Active
Clarita,Batterson,cbattersonnv@oakley.com,9217143570,Yamia,Green,Active
Clarke,Pirozzi,cpirozzikq@desdev.cn,8575910353,JaActivepan,Green,Active
Cleo,Bento,cbentoeb@naver.com,3506336706,Eazzy,Orange,Active
Cletus,Sandom,csandomak@desdev.cn,3259688795,Jabbertype,Orange,Active
Cloe,Morilla,cmorillahk@imageshack.us,9928152897,Izio,Orange,Active
Clywd,Dargan,cdargannt@tamu.edu,8522229458,Avamm,Green,Active
Codee,Conklin,cconklinln@dailymotion.com,6087689322,Quamba,Green,InActive
Codi,Giffen,cgiffenrd@e-recht24.de,5616871152,Abata,Green,InActive
Cody,Aldie,caldiebt@wufoo.com,6171126647,Innotype,Orange,Active
Collie,Rousel,crouselh8@quantcast.com,7085181974,Cogibox,Orange,Active
Colly,Schmidt,cschmidtmt@nifty.com,2063812657,Yamia,Green,Active
Con,Pritchett,cpritchettrr@sun.com,5109911162,Feedmix,Green,Active
Connie,MacVay,cmacvaydc@reference.com,5454244539,Geba,Orange,Active
Constancy,Shalcros,cshalcrosej@canalblog.com,2192055169,Devbug,Orange,Active
Constantine,Townby,ctownby5j@prlog.org,8556282590,Eire,Red,Active
Consuelo,Durtnall,cdurtnall11@sogou.com,9315713028,Divape,Red,Active
Coral,Wennington,cwennington14@google.ru,7011691841,Twitterworks,Red,Active
Coralyn,Clayfield,cclayfieldjm@live.com,7578733481,Innotype,Green,InActive
Cordelia,Tabb,ctabbri@engadget.com,6878289493,Twimbo,Green,Active
Cordi,Thorne,cthorneb@dmoz.org,6052987616,Ntag,Red,Active
Corina,Dayer,cdayer4a@yellowbook.com,1905579423,Yadel,Red,Active
Corliss,Gianasi,cgianasi6n@cbsnews.com,4986331101,Blogtag,Red,Active
Corrine,Stidworthy,cstidworthyr3@plala.or.jp,5571201895,Dabshots,Green,Active
Cory,Milbank,cmilbankm6@hostgator.com,2518195455,Eamia,Green,InActive
Cozmo,Roskruge,croskruge8y@newyorker.com,8063988186,Fadeo,Orange,Active
Craggy,Kilgrove,ckilgroveib@posterous.com,2624114879,Zooxo,Green,Active
Cristina,Howsego,chowsegobq@plala.or.jp,3953944944,Quatz,Orange,Active
Cristionna,Easby,ceasby5k@alibaba.com,2918572578,Jabbersphere,Red,Active
Crosby,Hedau,chedauj7@adobe.com,8769693251,Brightdog,Green,Active
Culley,Gendrich,cgendrichlm@telegraph.co.uk,5052205792,Divavu,Green,InActive
Culley,Basilotta,cbasilottar4@whitehouse.gov,5085728965,Abata,Green,Active
Curt,Greatbank,cgreatbankoj@wordpress.org,1352805829,Pixoboo,Green,Active
Cyndy,MacCostye,cmaccostyej8@mail.ru,9407907834,Dazzlesphere,Green,InActive
Cynthea,Sloy,csloyob@ox.ac.uk,4455910272,Divavu,Green,Active
Dag,Senten,dsentenfl@google.pl,9385719345,Photospace,Orange,Active
Daile,Wormald,dwormaldrk@ed.gov,1186732541,Zava,Green,Active
Dalis,Arnull,darnullow@eventbrite.com,1112759893,DabZ,Green,Active
Damiano,Cawsey,dcawseyij@reddit.com,5654967734,Skipstorm,Green,Active
Dane,Raatz,draatz8g@rambler.ru,3872731451,Mita,Orange,Active
Daniele,Kahane,dkahane4y@cyberchimps.com,8165718014,Twimm,Red,Active
Danit,Prigmore,dprigmorepm@java.com,2768665473,Topicblab,Green,Active
Danna,Bourdis,dbourdis3g@tinypic.com,8799484682,Gigashots,Red,Active
Danny,Ducket,dducketi0@sbwire.com,5339105484,Youspan,Green,Active
Dante,Ugoni,dugoniki@wikipedia.org,9424254483,Abata,Green,Active
Daphene,Earlam,dearlamnd@mac.com,6145865012,Topdrive,Green,Active
Darbee,Brimble,dbrimblekp@meetup.com,5394131317,Babbleopia,Green,Active
Darby,Heliar,dheliarfo@themeforest.net,9685642115,Agivu,Orange,Active
Darice,Mitcheson,dmitchesonik@house.gov,9849771220,Zoomlounge,Green,Active
Darya,Routham,drouthamif@buzzfeed.com,2578499976,Shufflebeat,Green,Active
Dave,Pourvoieur,dpourvoieur8b@ustream.tv,1975131368,Vidoo,Orange,Active
Davita,Komorowski,dkomorowski2w@freewebs.com,1412809635,Oyondu,Red,Active
Davy,FoActiveey,dfoActiveeygh@pcworld.com,1461927195,Mydeo,Orange,Active
Debora,Manger,dmangerjw@amazon.com,8008541877,Bluejam,Green,InActive
Deck,Phipp,dphippgw@mozilla.com,6173145697,Thoughtblab,Orange,Active
Deck,Lockley,dlockleyre@sciencedirect.com,1002908693,Flashset,Green,Active
Dede,McVitty,dmcvittyr5@umich.edu,4048764901,Blogspan,Green,Active
Dee dee,Waghorne,dwaghorne7a@umn.edu,3287185595,Voolia,Orange,InActive
Dehlia,Cansfield,dcansfieldhp@nps.gov,6198453316,Eazzy,Green,InActive
Del,Ludye,dludyecm@wisc.edu,8648358541,Kwideo,Orange,Active
Dela,Orviss,dorviss68@ft.com,6496780760,Zoombox,Red,Active
Delbert,Barham,dbarham2f@abc.net.au,3654520390,Tagcat,Red,Active
Dena,Kellog,dkellognx@google.com.br,9546765161,Midel,Green,Active
Denni,Mutton,dmutton5i@weather.com,1506205290,Thoughtbridge,Red,Active
Denni,Duchart,dduchartlb@shareasale.com,6219049086,Meejo,Green,Active
Dennison,Ludlamme,dludlamme7j@cbslocal.com,5988447703,Ailane,Orange,Active
Derby,Wattisham,dwattisham1w@mlb.com,4744296838,Pixope,Red,Active
Dermot,Klulicek,dklulicekb2@google.it,8155686623,Twinder,Orange,InActive
Derron,Penticost,dpenticost29@friendfeed.com,4824594926,Skajo,Red,Active
Desiri,Redler,dredlerhn@dedecms.com,9762234029,Lazzy,Orange,Active
Devin,Van Eeden,dvaneedene0@europa.eu,4162627964,Quimm,Orange,Active
Devland,Fosdike,dfosdikeu@ucoz.ru,9567905025,Thoughtstorm,Red,Active
Devlin,Paylie,dpaylie1x@google.it,3342275234,Yakidoo,Red,Active
Dilan,Painten,dpainten2n@prweb.com,9698364486,Yozio,Red,Active
Dillon,Mariaud,dmariaud24@canalblog.com,8725787877,Gabvine,Red,Active
Dillon,Bedminster,dbedminsteri9@msu.edu,2027839495,Twimm,Green,Active
Dino,Wixon,dwixonq5@e-recht24.de,9748363481,Edgepulse,Green,Active
Dionysus,Coddington,dcoddingtonlu@nasa.gov,2612786501,Jaloo,Green,Active
Dominick,Edgeson,dedgesonig@netvibes.com,9039535076,Bubblebox,Green,Active
Donall,Isworth,disworthdj@dagondesign.com,6504564834,Voonix,Orange,Active
Donaugh,Whittington,dwhittington6w@elegantthemes.com,4753517120,Fivebridge,Red,Active
Donielle,Halfhead,dhalfhead1c@360.cn,4619581070,Buzzdog,Red,Active
Donnie,Molson,dmolsonll@ezinearticles.com,8606634771,Skyvu,Green,Active
Donny,Gilliatt,dgilliattdz@phoca.cz,8451738455,Jayo,Orange,Active
Dori,Gobeau,dgobeaud0@dailymail.co.uk,3345848045,Jaloo,Orange,Active
Dorian,Morley,dmorleya1@reference.com,5059866094,Bubblebox,Orange,Active
Dorotea,Drydale,ddrydale23@hp.com,3881510129,Midel,Red,Active
Dory,Shippam,dshippam1b@facebook.com,2959704378,Eimbee,Red,InActive
Dov,Greneham,dgrenehamb7@hao123.com,5684161629,Browsebug,Orange,Active
Dru,Murdie,dmurdiepz@wisc.edu,1217682971,Buzzbean,Green,Active
Drucy,Richardes,drichardes90@simplemachines.org,1122879990,Brainlounge,Orange,Active
Duff,Blaszczyk,dblaszczyk4p@prweb.com,6315054759,Skinix,Red,Active
Dugald,Gartshore,dgartshorekw@ucsd.edu,4502811870,Livefish,Green,Active
Durand,Beckitt,dbeckitt10@engadget.com,6897030310,Kimia,Red,Active
Dyana,Deplacido,ddeplacido2l@ucoz.com,6509400846,Twimbo,Red,InActive
Earle,Morsom,emorsom1d@google.es,3949345091,Buzzster,Red,Active
Eberhard,Glasscock,eglasscockds@apache.org,3862230924,Zoonoodle,Orange,Active
Edd,Panks,epanksnr@redcross.org,6144424077,Jayo,Green,Active
Edith,Benkin,ebenkinbc@webeden.co.uk,6231134854,Skyndu,Orange,Active
Edmund,Parkinson,eparkinson5g@list-manage.com,6046548993,Camimbo,Red,InActive
El,Brunelleschi,ebrunelleschihu@amazon.de,4065603949,Topicware,Green,Active
Elane,Milesop,emilesopld@nps.gov,6994516028,Rhynoodle,Green,Active
Elbert,Housbey,ehousbeyiq@e-recht24.de,9163113860,Camido,Green,InActive
Elberta,Blackborne,eblackborner9@ustream.tv,5008862892,Meetz,Green,Active
Eleanor,Vost,evost7c@wordpress.org,4688969800,Tagpad,Orange,Active
Electra,Le Maitre,elemaitre9z@businessinsider.com,2592470280,Zooveo,Orange,Active
Eleonora,Southwood,esouthwoodq2@vistaprint.com,6398744002,Quire,Green,Active
Ellis,Cancellieri,ecancellieria@godaddy.com,3825805471,Riffwire,Red,Active
Elonore,Cotes,ecotes1z@ocn.ne.jp,7787740880,Dazzlesphere,Red,Active
Elsie,Ingleston,eingleston3b@google.ru,1145191112,Vitz,Red,Active
Elsinore,Jeromson,ejeromsonoy@over-blog.com,3313291681,Blogspan,Green,Active
Elsy,Grimes,egrimes86@opera.com,7176270127,Browsetype,Orange,Active
Elsy,Weiser,eweiserog@nature.com,1827650103,Flashspan,Green,Active
Elton,Brunini,ebruninide@who.int,6453198150,Youfeed,Orange,Active
Elyse,Gwyer,egwyer42@ebay.co.uk,4734175440,Shuffledrive,Red,InActive
Elysia,Eakins,eeakinsir@auda.org.au,2102622919,Flashspan,Green,Active
Emera,Arnaudin,earnaudinf9@scribd.com,2467474754,Tambee,Orange,Active
Emlen,Spencley,espencley3d@slideshare.net,7096415154,Skimia,Red,Active
Emlyn,Giorgione,egiorgioneko@bloglines.com,5354214611,Plajo,Green,Active
Emmalynne,Robbe,erobbeku@photobucket.com,1762755386,Edgewire,Green,Active
Emmery,Wyldbore,ewyldbore2q@qq.com,9282533148,Skipfire,Red,InActive
Emmet,Hoyer,ehoyer4t@drupal.org,8713749168,Yamia,Red,Active
Emmey,Ashmole,eashmole5b@instagram.com,3152225505,Aivee,Red,Active
Emmott,Rutigliano,erutigliano2c@instagram.com,6878986599,Devcast,Red,Active
Emmye,Scanlin,escanlinip@live.com,4521073438,Wikibox,Green,Active
Emory,Kolis,ekolisfv@google.com.hk,7487072320,Katz,Orange,Active
Emory,Ebbles,eebblesk4@pbs.org,2723201794,Realmix,Green,Active
Engelbert,Elcum,eelcumrh@imdb.com,6634412125,Tambee,Green,Active
Enos,Farahar,efaraharqp@list-manage.com,9642891985,Rhybox,Green,Active
Erasmus,Rozier,erozier9v@apache.org,8261478259,Brainlounge,Orange,Active
Erie,Reye,ereyeml@usa.gov,3336386325,Oyope,Green,Active
Erie,Wolfe,ewolfepn@zimbio.com,6334717174,Bluejam,Green,Active
Ermanno,Cotilard,ecotilard97@purevolume.com,3275310728,Minyx,Orange,Active
Ermina,Gradon,egradon95@bloomberg.com,3923934220,Realbridge,Orange,Active
Erminia,Dautry,edautrye6@dedecms.com,6107870863,LiveZ,Orange,Active
Ernie,Formoy,eformoyfr@google.de,7094150540,Photobug,Orange,Active
Esdras,MacPeice,emacpeicerp@whitehouse.gov,6007966993,Meevee,Green,Active
Esmaria,Pottery,epotterypw@state.tx.us,5842180300,Janyx,Green,Active
Essy,Colum,ecolumhr@cmu.edu,9236664140,Tagopia,Green,Active
Estevan,Wheatley,ewheatleyfa@goodreads.com,7989166134,Rhynoodle,Orange,Active
Eugen,Worsham,eworsham8p@comsenz.com,5531231977,Topdrive,Orange,Active
Evaleen,Mayworth,emayworth3s@about.com,2581631047,Ozu,Red,Active
Evangelin,McReedy,emcreedy39@skype.com,9109415129,Edgeclub,Red,Active
Evelyn,Stitle,estitleor@smugmug.com,1728859018,Dabjam,Green,Active
Evey,Dilks,edilksji@engadget.com,5203835358,Kare,Green,Active
Ewell,Urpeth,eurpethjx@princeton.edu,2845392583,Skyba,Green,Active
Fabio,Joinson,fjoinson7x@google.com.hk,9047943643,Shuffletag,Orange,Active
Fanchon,Simm,fsimmp1@smugmug.com,1788703355,Riffpedia,Green,Active
Fanechka,MacIan,fmacianct@naver.com,4922244943,Pixope,Orange,InActive
Fania,Markie,fmarkie7h@tripadvisor.com,9162202096,Wordify,Orange,Active
Fara,Feacham,ffeachamky@yahoo.com,5613386771,Zoovu,Green,Active
Farris,Aulds,faulds7v@4shared.com,2122550546,Jabbersphere,Orange,Active
Fax,Derdes,fderdeskv@elegantthemes.com,7353312857,Flashdog,Green,Active
Faydra,O'Kielt,fokielt1e@rediff.com,8613833793,Kanoodle,Red,Active
Fayre,McEniry,fmceniryiu@princeton.edu,9762142319,Devify,Green,InActive
Felic,Bulfoy,fbulfoy6v@pcworld.com,6765495792,Babbleblab,Red,Active
Felicity,Lansberry,flansberry2b@ihg.com,8192088972,Kanoodle,Red,Active
Ferd,MacKibbon,fmackibbonoo@elegantthemes.com,4709333797,Camido,Green,InActive
Ferdinanda,Stern,fstern8q@google.com.au,8896950624,Aimbo,Orange,Active
Fidelio,Oliveti,folivetifx@fastcompany.com,6588224208,Voolith,Orange,Active
Fidelity,Sandry,fsandrymp@cloudflare.com,9474966657,Zoombeat,Green,Active
Findlay,Aspey,faspey4z@ning.com,4353425650,Bluejam,Red,Active
Flora,Bartunek,fbartunekk1@free.fr,7352790244,Thoughtbridge,Green,Active
Florence,Venditti,fvenditti5v@home.pl,9484694175,Meetz,Red,Active
Florian,Earnshaw,fearnshaw8w@google.cn,6421484159,Gabspot,Orange,Active
Flossy,Priter,fpriter18@google.ru,7926664483,Centidel,Red,InActive
Flynn,Mold,fmoldcs@nsw.gov.au,5537816140,Topicstorm,Orange,Active
Flynn,Pray,fprayg0@nature.com,7985127631,Devpulse,Orange,Active
Francois,Aiers,faiersj@deliciousdays.com,6785342474,Thoughtstorm,Red,Active
Francois,Paoletto,fpaoletto6d@msn.com,2125185655,Bubblebox,Red,Active
Frankie,Wilsdon,fwilsdon7r@dailymotion.com,3429780335,Devpoint,Orange,Active
Frankie,Dedney,fdedneyd1@barnesandnoble.com,3773013978,Flipstorm,Orange,Active
Franny,Farnell,ffarnellt@pcworld.com,5129709074,Avaveo,Red,Active
Franny,Cram,fcramf8@latimes.com,6851217995,Realbridge,Orange,Active
Fred,Wayland,fwayland1s@ft.com,4832792132,Zoonder,Red,InActive
Fredericka,Calven,fcalvenq4@earthlink.net,1382629198,Jetwire,Green,Active
Frederigo,Spieght,fspieghtd8@shareasale.com,8914118736,Gabtype,Orange,InActive
Frederigo,Jerrand,fjerrandod@pagesperso-orange.fr,2111344827,Mita,Green,InActive
Fredra,Lillow,flillow6i@imageshack.us,8845605264,LiveZ,Red,Active
Friederike,Gilhouley,fgilhouleyqw@artisteer.com,7404531229,Pixoboo,Green,Active
Gabie,Hatley,ghatleycr@paginegialle.it,7631986692,Wikido,Orange,Active
Gail,Walling,gwalling20@stumbleupon.com,1428514482,Twimm,Red,Active
Gale,Got,ggote5@mlb.com,7406945555,Jabbersphere,Orange,Active
Gare,Smead,gsmeadhl@tumblr.com,3693028536,Tekfly,Orange,Active
Garey,Ribbens,gribbens2s@homestead.com,1325895554,Jaxbean,Red,Active
Garold,Polack,gpolackdh@creativecommons.org,1845965934,Miboo,Orange,Active
Genna,Dykins,gdykins4j@chron.com,3742213317,Myworks,Red,Active
Georgena,Garces,ggarceso@bloglovin.com,3715258202,Eamia,Red,Active
Georgena,O'Logan,gologangj@ifeng.com,3181571531,Vinte,Orange,Active
Georgianna,Corneille,gcorneillejt@pcworld.com,2407466722,Muxo,Green,InActive
Georgianna,Mahoney,gmahoneypo@tamu.edu,3871562707,Browseblab,Green,Active
Georgie,Rubi,grubi8s@sina.com.cn,5902466021,Trunyx,Orange,Active
Georgina,Cail,gcailh0@deviantart.com,6628328075,Gabtype,Orange,Active
Gerard,Shellum,gshellumgm@pinterest.com,7893846717,Pixope,Orange,Active
Gerda,Tuffin,gtuffincn@boston.com,4531310669,Realbuzz,Orange,InActive
Gerhard,Maiden,gmaidenkz@phoca.cz,5128392403,Flipopia,Green,Active
Gerrie,Lusher,glusherhj@mozilla.org,3552092647,Yodo,Orange,Active
Gerti,Sweeney,gsweeneymc@wikia.com,7198259971,InnoZ,Green,Active
Giacobo,Hundey,ghundey78@google.fr,1647920992,Quimba,Orange,Active
Gibbie,Clynter,gclynter5@multiply.com,4923522265,Tagcat,Red,InActive
Giffer,Bullin,gbullingg@merriam-webster.com,4742213688,Miboo,Orange,InActive
Giffy,Sine,gsinelx@yahoo.com,4689107945,Topicblab,Green,Active
Ginger,Dearness,gdearnessqr@go.com,2662178326,Dynabox,Green,Active
Giralda,Riste,gristejy@prweb.com,9074459438,Midel,Green,Active
Gisella,Sier,gsiergv@furl.net,5696273175,Zooxo,Orange,Active
Giuditta,Uren,guren5m@gravatar.com,8862465947,Innojam,Red,Active
Glenda,Dregan,gdreganrc@creativecommons.org,5487809603,Jaxworks,Green,Active
Glenn,Bitten,gbitten9c@hubpages.com,5632735760,Rooxo,Orange,Active
Glenn,Lambrecht,glambrechtn5@cdc.gov,1262465068,Tagfeed,Green,Active
Gloriana,Harman,gharmanal@patch.com,1387397399,Twimbo,Orange,Active
Glynn,O'Sheilds,gosheildsci@chronoengine.com,7028733713,Dynava,Orange,Active
Gnni,Dudson,gdudson2z@who.int,9431666737,Yamia,Red,Active
Goddard,Barczewski,gbarczewskic1@dropbox.com,2136141955,Divavu,Orange,Active
Godfry,Battison,gbattison9e@patch.com,8928930020,Muxo,Orange,InActive
Goldy,Herculeson,gherculesonmj@howstuffworks.com,8379836753,Brainverse,Green,Active
Goober,Scarborough,gscarborough75@apache.org,4876587123,Skyvu,Red,Active
Grace,Mirrlees,gmirrlees45@wikia.com,9095309006,Vitz,Red,Active
Gradeigh,Dunklee,gdunkleec6@altervista.org,3162226951,Kwideo,Orange,Active
Grannie,McFater,gmcfater5s@wikipedia.org,9245628275,Brightdog,Red,Active
Grant,Baggiani,gbaggianiel@slashdot.org,5735825578,Fliptune,Orange,Active
Granthem,Connett,gconnettfz@usnews.com,1582020054,Twimm,Orange,Active
Gratiana,Gunton,ggunton4e@apache.org,9523052486,Meembee,Red,Active
Gretel,Lingner,glingner2g@networksolutions.com,5236665494,Quinu,Red,Active
Gretna,Hitzke,ghitzkeo7@cdbaby.com,4525135994,Einti,Green,Active
Grove,Wapol,gwapolok@webs.com,6188777494,Dabfeed,Green,Active
Guillemette,Kalinsky,gkalinsky3@imdb.com,8746258717,Trudeo,Red,Active
Gwendolin,Larmet,glarmetie@devhub.com,2536338681,Photospace,Green,InActive
Gwenni,Rolance,grolance53@paginegialle.it,4923285152,Tagtune,Red,Active
Gwennie,Rimbault,grimbaulti@scientificamerican.com,5784599125,Quire,Red,Active
Haily,Andras,handras4m@adobe.com,8492692892,Gigaclub,Red,Active
Ham,Longmead,hlongmeadnh@angelfire.com,7995636243,Babbleopia,Green,Active
Hamnet,Percifull,hpercifull6l@netvibes.com,6343255060,Voomm,Red,Active
Happy,Terrelly,hterrellyfd@sourceforge.net,7942290409,Dazzlesphere,Orange,Active
Harald,Stellino,hstellinoq1@craigslist.org,5858471028,Linkbridge,Green,Active
Harlan,Courtois,hcourtois3x@illinois.edu,5713975314,Realcube,Red,Active
Harlan,Sentance,hsentancef2@technorati.com,8992253318,Quaxo,Orange,InActive
Harper,Woodford,hwoodfordgc@rediff.com,5843744909,Plambee,Orange,InActive
Harriet,Fraczek,hfraczek2r@dion.ne.jp,8834884569,Riffpath,Red,Active
Harriett,Gianolo,hgianolofh@topsy.com,9091167701,Wordify,Orange,Active
Harrietta,Leggon,hleggon8i@csmonitor.com,9442872416,Jazzy,Orange,Active
Hastie,Lawey,hlaweyp8@msn.com,5712120034,Buzzbean,Green,Active
Hastings,Woolatt,hwoolatt7s@yolasite.com,6621001769,Lazzy,Orange,Active
Hayley,MacRannell,hmacrannellix@tinypic.com,1965190984,Skidoo,Green,Active
Hayward,Filpo,hfilpomy@github.io,9406949917,Twimm,Green,Active
Heda,Espinheira,hespinheira4q@slate.com,6849889937,Rooxo,Red,Active
Hedi,Bitten,hbittenpu@tinyurl.com,8944280306,Twimm,Green,Active
Helenka,Brooking,hbrooking1k@comcast.net,8485196015,Podcat,Red,InActive
Henri,Ferry,hferryag@psu.edu,8146471358,Skidoo,Orange,Active
Henrietta,Bacop,hbacopng@globo.com,3395795833,Zooveo,Green,Active
Henriette,Rudgard,hrudgard9f@furl.net,9996025525,Tagtune,Orange,Active
Hephzibah,Strotone,hstrotonea0@wordpress.org,7582610392,Fiveclub,Orange,Active
Herc,Guillet,hguilletk7@yahoo.com,1866189198,Meeveo,Green,Active
Hermie,Kloser,hklosercu@mail.ru,2487092828,Chatterpoint,Orange,Active
Hermon,Carlino,hcarlinoav@slate.com,6601916188,Blognation,Orange,Active
Hewitt,Middlemass,hmiddlemassdg@hhs.gov,7332891673,Trilith,Orange,InActive
Hildagard,Jimes,hjimes8u@opensource.org,1586917793,Twitternation,Orange,Active
Hildagard,Mebius,hmebiusce@umn.edu,6159516289,Yamia,Orange,InActive
Hildegarde,McClounan,hmcclounanht@usda.gov,4953383972,Tavu,Green,Active
Hildy,Wontner,hwontnerlv@reverbnation.com,1963327395,Photojam,Green,Active
Holli,Brunn,hbrunn7u@va.gov,2778180430,Babbleopia,Orange,Active
Hollie,Duham,hduhamgo@weibo.com,3171245034,Plajo,Orange,Active
Honor,Moy,hmoyjg@oracle.com,2663021393,Zoozzy,Green,Active
Horatius,Rosenstiel,hrosenstielqs@linkedin.com,8985796920,Cogibox,Green,Active
Horten,Truelove,htruelovegr@trellian.com,2765019863,Geba,Orange,Active
Horton,Kolak,hkolakq0@europa.eu,4925885230,Shufflebeat,Green,InActive
Hulda,Rafferty,hraffertybh@aboutads.info,4637886388,Zooveo,Orange,InActive
Hulda,Pumfrey,hpumfreyf7@cdbaby.com,6708720239,Browsebug,Orange,Active
Humberto,Henrot,hhenrot3z@ucoz.com,2319771302,Devify,Red,Active
Huntington,Rawcliff,hrawcliffc8@cloudflare.com,8423303246,Photospace,Orange,Active
Huntington,Goodacre,hgoodacrelr@ft.com,9437052130,Realfire,Green,Active
Hyacinthie,Berthome,hberthomehb@deliciousdays.com,2023338566,Devpulse,Orange,Active
Hyman,Dallicoat,hdallicoatg@privacy.gov.au,5381588034,Twitterbridge,Red,Active
Hymie,Scarfe,hscarferl@salon.com,9896126851,Linkbridge,Green,Active
Ibbie,Whellams,iwhellamsoc@e-recht24.de,1754011071,Twinder,Green,Active
Idette,Devennie,idevenniegn@columbia.edu,5768536969,Dabvine,Orange,Active
Ikey,Covely,icovelyqb@flickr.com,4526666258,Roodel,Green,Active
Imogene,Markova,imarkovaf0@rambler.ru,1306557535,Browsetype,Orange,Active
Ines,Woolfitt,iwoolfitt28@hud.gov,4339769319,Yotz,Red,InActive
Ines,Dunan,idunandu@omniture.com,7475462001,Yodoo,Orange,Active
Inga,Alliston,ialliston48@wp.com,7734865060,Gevee,Red,InActive
Ingamar,Sandhill,isandhill59@gnu.org,5492715934,LiveZ,Red,Active
Ingelbert,Botton,ibottoni7@guardian.co.uk,2357770190,Youspan,Green,InActive
Iolanthe,Bullene,ibullene8d@fc2.com,7784875132,Lazzy,Orange,Active
Iolanthe,Eirwin,ieirwindp@cisco.com,6157350133,Oodoo,Orange,Active
Ira,Sweetmore,isweetmorefi@answers.com,9889670356,Dabfeed,Orange,Active
Ira,Thornewell,ithornewellg8@tiny.cc,3491065865,Topicblab,Orange,InActive
Irvin,Kendrew,ikendrew8j@smugmug.com,7714724394,Gigazoom,Orange,Active
Irving,Craw,icraw6j@liveinternet.ru,3199168095,Browsecat,Red,InActive
Isa,Hundy,ihundya2@telegraph.co.uk,6823148155,Tagopia,Orange,InActive
Isaak,Gason,igasongb@360.cn,4714886469,Brainbox,Orange,Active
Isadore,Barling,ibarling3q@google.pl,6465484704,Shuffledrive,Red,Active
Isahella,Bastow,ibastowlg@bbb.org,7713353730,Topicstorm,Green,Active
Issy,Braunle,ibraunleee@unesco.org,4522269622,Dynabox,Orange,Active
Izaak,Swynfen,iswynfenfs@typepad.com,8504657976,Fivebridge,Orange,Active
Jacintha,Blockley,jblockleyh@ft.com,5534413109,Zoombeat,Red,InActive
Jacinthe,Abrahim,jabrahimhi@paypal.com,4216055161,Twinder,Orange,Active
Jackquelin,Dinkin,jdinkinfe@ameblo.jp,2659101139,Jaxworks,Orange,Active
Jackson,Spawforth,jspawforthc7@yahoo.co.jp,3615611109,Browseblab,Orange,Active
Jaclyn,Sudworth,jsudwortheo@tamu.edu,3791735121,Meejo,Orange,InActive
Jaine,Rykert,jrykerthg@senate.gov,5315825113,Realmix,Orange,Active
Jakie,Van der Son,jvanderson6t@tiny.cc,9899795733,Dabjam,Red,Active
Jammie,Rutherford,jrutherford64@harvard.edu,2568307365,Twitterwire,Red,Active
Jan,MacCracken,jmaccracken3v@icq.com,7814870094,Voonix,Red,Active
Janaya,Donaway,jdonawaycp@theguardian.com,8404075019,Yamia,Orange,Active
Jane,Coopper,jcoopper9n@newyorker.com,4194763086,Demimbu,Orange,Active
Janel,Goodlet,jgoodlet5t@microsoft.com,9566391626,Bubblemix,Red,Active
Janel,Dulen,jdulenov@liveinternet.ru,9932927226,Skajo,Green,Active
Janifer,Thorwarth,jthorwarthae@barnesandnoble.com,9094409509,Kamba,Orange,Active
Jaquenetta,Hedderly,jhedderlyn6@berkeley.edu,6657991095,JaActivepan,Green,Active
Jarret,Scriviner,jscrivinerap@buzzfeed.com,4032378689,Pixope,Orange,Active
Jefferey,Nabbs,jnabbsoa@artisteer.com,5285734625,Quamba,Green,Active
Jeffrey,Arnke,jarnke5x@addtoany.com,5824399812,Thoughtsphere,Red,Active
Jemie,de Castelain,jdecastelain5z@hostgator.com,3436335724,Avamm,Red,Active
Jemie,Duddle,jduddleop@shop-pro.jp,6731719688,Voonix,Green,Active
Jenda,Riach,jriachlf@netlog.com,2793810019,Browseblab,Green,Active
Jeniece,Yeld,jyeld8f@networksolutions.com,8874716021,Mycat,Orange,Active
Jenifer,De Michele,jdemichele9x@state.gov,1577322258,Jaxworks,Orange,Active
Jennee,Fonquernie,jfonquerniemg@smugmug.com,7942216935,Dynabox,Green,Active
Jennette,Rodda,jroddajz@elegantthemes.com,2977190710,Dabvine,Green,Active
Jeri,Lygo,jlygo96@blogs.com,6312000072,Thoughtstorm,Orange,Active
Jerrylee,Rebeiro,jrebeirojk@bravesites.com,5112236280,Oba,Green,Active
Jessalin,Kerfoot,jkerfootdf@google.cn,3483705901,Thoughtbeat,Orange,InActive
Jewel,Sancroft,jsancroft6b@liveinternet.ru,1091707950,Devpoint,Red,Active
Jewelle,Kernock,jkernockgk@un.org,2932088853,Edgetag,Orange,Active
Jilleen,Tice,jticebv@wikimedia.org,5575102880,Quimm,Orange,InActive
Joana,Stickney,jstickneye4@mashable.com,6842813298,Zoomzone,Orange,Active
Jobye,Giovannetti,jgiovannettiof@narod.ru,5639443816,Voolia,Green,Active
Jocelyne,Greenstead,jgreensteadah@bizjournals.com,5266186495,Dabvine,Orange,Active
Jock,Donohue,jdonohue67@utexas.edu,1054968145,Tambee,Red,Active
Joe,Rolse,jrolse6o@usda.gov,3322421734,Edgepulse,Red,Active
Johnath,Huxtable,jhuxtable72@hibu.com,3692813227,Topicstorm,Red,Active
Johnette,Dingate,jdingate8n@columbia.edu,5032378628,Dynava,Orange,Active
Johnny,Wadsworth,jwadsworthgp@cdbaby.com,3733882810,Wikizz,Orange,Active
Jolene,Meecher,jmeecherdi@hexun.com,4152709123,DabZ,Orange,InActive
Joletta,McGaugan,jmcgaugancb@toplist.cz,7083337553,Twitterbeat,Orange,Active
Jordana,Rumble,jrumbleez@google.co.uk,4939830367,Feedbug,Orange,Active
Joseph,Rosenfarb,jrosenfarbps@devhub.com,6162795662,Avamm,Green,Active
Josselyn,Abramowsky,jabramowsky69@uiuc.edu,2853370751,Zoombox,Red,Active
Josselyn,Antill,jantilli6@quantcast.com,4863963085,Tagcat,Green,Active
Josselyn,Collett,jcollettp3@google.co.jp,3005436086,Gigabox,Green,Active
Josselyn,Lalevee,jlaleveepc@reverbnation.com,3533354060,Tavu,Green,Active
Juana,Cosson,jcossonj3@cargocollective.com,6446005603,Zoonoodle,Green,InActive
Juanita,Kennett,jkennettat@imgur.com,9095500357,Wordware,Orange,Active
Jude,Stolworthy,jstolworthyf5@storify.com,6482035879,Katz,Orange,Active
Jules,Rosenstengel,jrosenstengelaj@delicious.com,9884825851,Zoonoodle,Orange,Active
Jules,Conen,jconenpf@vimeo.com,5971968017,Youfeed,Green,Active
Julian,Jones,jjonesra@mozilla.org,2354042984,Livetube,Green,Active
Juliana,Dayes,jdayesl5@mapy.cz,5249626082,Meeveo,Green,Active
Julius,Rudham,jrudhamh6@lycos.com,3963045825,Innojam,Orange,Active
June,Landsman,jlandsmanl9@princeton.edu,8836732481,Trupe,Green,Active
June,Seven,jsevenq8@facebook.com,1751909949,Mydeo,Green,Active
Justinn,Ingarfill,jingarfillnb@illinois.edu,3053895009,Thoughtblab,Green,Active
Kailey,Cobby,kcobby77@shutterfly.com,8321091873,Vinte,Orange,InActive
Kaleb,Hartell,khartell7t@ed.gov,7766751214,Nlounge,Orange,Active
Kalil,McCutcheon,kmccutcheon4i@bloglovin.com,3924666569,Kimia,Red,Active
Kalinda,O'Fihillie,kofihilliebw@mtv.com,7145306469,Thoughtblab,Orange,Active
Karalee,Baptista,kbaptistak9@google.nl,8619432440,Yakijo,Green,Active
Kare,Jacobsson,kjacobssonqj@state.tx.us,4227699332,Voonte,Green,Active
Karen,Gelder,kgelderr8@patch.com,9138177651,Linkbridge,Green,Active
Karin,Horrell,khorrellla@digg.com,6776603419,Muxo,Green,Active
Karla,Schoffler,kschoffleraa@diigo.com,5024530487,Gigaclub,Orange,Active
Karrie,Osinin,kosininn1@wunderground.com,2837778689,Dabvine,Green,Active
Kassey,Bernadon,kbernadonni@booking.com,9494417097,Minyx,Green,Active
Kathye,Pierson,kpierson3n@constantcontact.com,4717770275,Zoomzone,Red,Active
Katina,Twigg,ktwiggc5@naver.com,2765003795,Roombo,Orange,Active
Kaylyn,Eshmade,keshmade6f@g.co,8354027524,Mynte,Red,InActive
Kelcie,Purrington,kpurringtonje@addthis.com,9141138021,Skipfire,Green,Active
Kele,Ors,kors19@myspace.com,8587984390,Babbleset,Red,Active
Kelli,Van Schafflaer,kvanschafflaer46@myspace.com,9882873722,Dynazzy,Red,InActive
Kellina,Parade,kparade2m@slate.com,9721030711,Jabbersphere,Red,Active
Kellyann,Vivash,kvivash1p@ebay.co.uk,5009054092,Jetwire,Red,Active
Kelsey,Capelow,kcapelownp@topsy.com,9569966296,Zoonder,Green,Active
Kelsy,Iacovides,kiacovidesft@godaddy.com,2733788890,Oyope,Orange,Active
Ken,Neljes,kneljes2p@geocities.jp,5462277367,Talane,Red,Active
Kendrick,Murrigan,kmurrigan3h@jigsy.com,2891970361,Abata,Red,Active
Kenny,Bourley,kbourleyb3@merriam-webster.com,7139226514,Dynabox,Orange,Active
Kenny,Etheridge,ketheridgebi@globo.com,3592593267,Rhyloo,Orange,Active
Ker,Brommage,kbrommage5p@youtu.be,2954536345,Cogilith,Red,Active
Ker,Sidebotton,ksidebottonba@disqus.com,6825786511,Chatterbridge,Orange,InActive
Kerby,Zavattieri,kzavattieripx@lulu.com,9702904316,Oyope,Green,Active
Kerianne,Tinsley,ktinsleycx@1und1.de,9998680412,Jatri,Orange,Active
Kessia,Easbie,keasbiege@fc2.com,1961764472,Wikivu,Orange,Active
Kev,Wandrich,kwandrich8e@barnesandnoble.com,5615061020,Eamia,Orange,Active
Kile,Clover,kcloverlc@com.com,9086890603,Zoozzy,Green,Active
Kimberlyn,Dumsday,kdumsday2d@webs.com,8666354682,Oloo,Red,Active
Kinnie,Pineaux,kpineauxhy@exblog.jp,2246050673,Skyvu,Green,Active
Kippie,Isakowicz,kisakowiczke@xing.com,6846479007,Meetz,Green,InActive
Kirbee,Cardo,kcardoga@berkeley.edu,4791891812,Roomm,Orange,Active
Kirby,Alp,kalpdr@umich.edu,9005418544,Realblab,Orange,Active
Kirsteni,Cheshire,kcheshireei@elpais.com,6554033320,Skimia,Orange,Active
Klara,Widdecombe,kwiddecombejv@cmu.edu,8779574686,Quaxo,Green,Active
Konstantine,Lyne,klyne4u@sogou.com,6032812606,Oodoo,Red,Active
Kore,Kemwall,kkemwall1r@miitbeian.gov.cn,1464190985,Rhybox,Red,Active
Korney,Spellard,kspellard2t@chronoengine.com,1297105565,Skalith,Red,InActive
Korry,Stanney,kstanneykb@ibm.com,9985775577,Nlounge,Green,Active
Kristal,Itzhak,kitzhak0@miitbeian.gov.cn,9719987028,Skivee,Red,Active
Kristien,Hamnett,khamnettay@state.tx.us,4195793725,Yacero,Orange,Active
Kristofer,Shilvock,kshilvock7b@godaddy.com,8462078589,Talane,Orange,Active
Krystyna,Shaddick,kshaddickhh@imgur.com,2628842487,Reallinks,Orange,Active
Ky,Pauler,kpauler9s@jiathis.com,5061729271,Photojam,Orange,InActive
Ky,Bjorkan,kbjorkanbj@businesswire.com,2673633263,Yacero,Orange,InActive
Lacey,Adran,ladran4s@trellian.com,4259387112,Jabbersphere,Red,Active
Lacey,Tattersill,ltattersill9w@deliciousdays.com,1056059692,Dabtype,Orange,InActive
Ladonna,Torrisi,ltorrisie8@rediff.com,1181160721,Thoughtstorm,Orange,Active
Ladonna,Stein,lsteinhx@youtube.com,7568967692,JumpActive,Green,Active
Lamar,Jedrasik,ljedrasikgq@dell.com,8836162756,Quatz,Orange,Active
Lannie,Flanders,lflandersi8@biblegateway.com,5965193964,Gabtune,Green,InActive
Lari,Crannach,lcrannachas@google.com.hk,6517145889,Eazzy,Orange,Active
Larry,McGinn,lmcginngs@myspace.com,5216422284,Buzzshare,Orange,Active
Laryssa,Lanfer,llanferi3@wisc.edu,1326720344,Mita,Green,Active
Laughton,Frend,lfrendd5@gravatar.com,7832536192,Topiclounge,Orange,Active
Laural,Bissex,lbissexg6@japanpost.jp,6834602747,Aimbo,Orange,Active
Lauretta,Fisher,lfisherfu@netvibes.com,7215829657,Vitz,Orange,Active
Lawrence,Dowding,ldowdingey@hibu.com,7006785467,Twimbo,Orange,Active
Layney,Harnell,lharnell1g@businessinsider.com,4894958572,Skipfire,Red,InActive
Lazare,Trodler,ltrodlerl3@furl.net,2422526638,Vitz,Green,Active
Leigh,Gunthorp,lgunthorpjq@sbwire.com,8463375058,Rhyzio,Green,Active
Leisha,Carswell,lcarswellc2@cbsnews.com,8278476094,Tagchat,Orange,Active
Leland,Menauteau,lmenauteaudy@smh.com.au,9382147918,Abata,Orange,Active
Leland,Caccavella,lcaccavellaha@wsj.com,9515595478,Quimm,Orange,Active
Lem,Angier,langierle@sogou.com,8503784689,Lazz,Green,Active
Lenci,Tiron,ltironk@jalbum.net,2257076526,Quatz,Red,Active
Lenna,Baynom,lbaynomet@jiathis.com,5933221285,Trudoo,Orange,Active
Leone,Ivanyushkin,livanyushkin6h@usnews.com,5527377461,Browsedrive,Red,InActive
Les,Doward,ldowardd@elpais.com,9665112257,Topicshots,Red,Active
Lesli,Abrahami,labrahami70@blogs.com,8545474994,Youbridge,Red,Active
Letty,Newcomen,lnewcomeniy@loc.gov,9115044157,Eimbee,Green,Active
Lexi,Ramard,lramardkj@surveymonkey.com,7015322579,Skippad,Green,Active
Lia,Ruckhard,lruckhard9y@harvard.edu,9547020288,Linklinks,Orange,InActive
Lilia,Ibbeson,libbeson9a@histats.com,8747808368,Realbuzz,Orange,Active
Lilith,Quare,lquarejd@sina.com.cn,7372914122,Bluezoom,Green,InActive
Lilith,Cathery,lcatheryjn@narod.ru,7911300256,Edgeify,Green,Active
Lina,Karczinski,lkarczinskigt@ycombinator.com,7901376257,Muxo,Orange,Active
Lincoln,Cliffe,lcliffefw@eepurl.com,9302345069,Feedspan,Orange,Active
Linn,McGrill,lmcgrillk5@chicagotribune.com,3181084147,Demivee,Green,InActive
Lissie,Barnsdale,lbarnsdale2v@nydailynews.com,2629610359,Yamia,Red,Active
Liva,Measham,lmeashamjb@statcounter.com,5705121216,Vitz,Green,InActive
Loleta,Litzmann,llitzmannbg@scientificamerican.com,8215871070,DabZ,Orange,InActive
Lona,Tidder,ltidderbm@over-blog.com,2178291547,Shuffletag,Orange,Active
Lonee,Cluet,lcluetpd@wp.com,3278233853,Eayo,Green,Active
Loralie,Vassano,lvassano6q@cmu.edu,5741397262,Yata,Red,Active
Lorene,Einchcombe,leinchcombemn@hatena.ne.jp,5545589056,Browsetype,Green,Active
Lorinda,Mattusevich,lmattusevichii@dell.com,6345409074,Twimbo,Green,Active
Lorry,Sainsberry,lsainsberryem@slashdot.org,4198028906,Tambee,Orange,Active
Louisa,Adelman,ladelmann0@discuz.net,3579766576,Trudeo,Green,Active
Luciano,Jehan,ljehanm5@flavors.me,4673831143,BlogActive,Green,Active
Lucie,Abbatucci,labbatuccip7@deviantart.com,8145962818,Vipe,Green,Active
Lucky,Sleight,lsleight91@google.it,2721574253,Realmix,Orange,Active
Lucy,Gullyes,lgullyesmr@youtube.com,6881832964,Quatz,Green,Active
Lula,Bissiker,lbissikeroq@ihg.com,3244761058,Youspan,Green,Active
Luther,Bowhay,lbowhayh9@eepurl.com,5791942962,Ntag,Orange,Active
Ly,Duckerin,lduckerin37@miibeian.gov.cn,1064963444,Livetube,Red,Active
Ly,Auton,lautonqa@seesaa.net,3426852504,Mydeo,Green,Active
Lyndy,Bonnefin,lbonnefin4h@deviantart.com,5345942551,Realblab,Red,Active
Maddie,Garside,mgarsidel4@phpbb.com,8888278594,Babbleopia,Green,Active
Maddy,Duffil,mduffil57@cbsnews.com,8521059515,Ntag,Red,Active
Madelena,Sapena,msapenanl@newyorker.com,6046960466,Riffpedia,Green,Active
Maiga,Scottesmoor,mscottesmoor9t@ibm.com,9033353229,Eire,Orange,Active
Malinde,Cushe,mcushecz@miibeian.gov.cn,4573451978,Voonte,Orange,Active
Malvina,Antoniewski,mantoniewskiph@abc.net.au,1247016317,Divanoodle,Green,Active
Manda,Polden,mpoldenho@elpais.com,9476456961,Oyoba,Orange,Active
Mandie,Bessom,mbessomqi@tumblr.com,1536723618,Dabjam,Green,InActive
Mandy,Pankethman,mpankethmank2@globo.com,2107599325,Skynoodle,Green,Active
Manuel,Ackland,mackland92@cocolog-nifty.com,6826994197,Yombu,Orange,Active
Maressa,Pepin,mpepinbu@acquirethisname.com,3738862564,Janyx,Orange,Active
Margalit,Wedderburn,mwedderburnio@about.me,2087789887,Skyvu,Green,Active
Margalo,Keays,mkeays41@huffingtonpost.com,7486379644,Eadel,Red,InActive
Margaretha,Bonavia,mbonavia9m@alexa.com,6649253140,Zoomdog,Orange,Active
Marj,Downage,mdownage4c@mapy.cz,3386000539,Mycat,Red,Active
Marj,Janku,mjanku8k@simplemachines.org,7012703515,Mydo,Orange,Active
Markus,Beckmann,mbeckmann8t@psu.edu,7294775746,Skyba,Orange,InActive
Marline,Elwel,melwelj6@reuters.com,6633819291,Riffwire,Green,InActive
Martino,Gallahue,mgallahuequ@bbb.org,6719186273,Blogtag,Green,Active
Martynne,Quodling,mquodling6z@ted.com,4284427519,Dabtype,Red,Active
Maryanna,Chalice,mchalice51@lycos.com,3729977708,Dablist,Red,Active
Marybelle,Crauford,mcraufordbl@phpbb.com,2182341603,Gabtype,Orange,Active
Mathias,Ronci,mroncikh@de.vu,7134822033,Dynabox,Green,Active
Matias,Lainton,mlainton61@last.fm,4553124104,Kanoodle,Red,Active
Matilde,Talkington,mtalkington3u@meetup.com,4906270010,Flipstorm,Red,Active
Matilde,Ewin,mewind9@csmonitor.com,8516930704,Demimbu,Orange,InActive
Matthieu,Larroway,mlarrowayiz@xrea.com,9062144519,Topiczoom,Green,Active
Matty,Licari,mlicari4d@bluehost.com,5197141241,Quimba,Red,Active
Matty,Spaldin,mspaldinou@oracle.com,3539618133,Skimia,Green,InActive
Maureene,Hebron,mhebronbr@msn.com,5529721505,Skipfire,Orange,Active
Maurice,Garbett,mgarbettr0@miibeian.gov.cn,9632603004,Voonix,Green,Active
Maurits,Fowden,mfowden1q@dailymotion.com,9479710877,Topiczoom,Red,Active
Maurizia,Livesley,mlivesley4w@reverbnation.com,8633471237,Meezzy,Red,Active
Maximilianus,Blenkhorn,mblenkhorn7d@weather.com,1241631384,Gigazoom,Orange,Active
Maye,Eddisford,meddisfordqo@webeden.co.uk,9604947040,Eire,Green,Active
Meghan,Kinnock,mkinnock3y@angelfire.com,8745521804,Kimia,Red,Active
Mela,Leonarde,mleonarde2y@posterous.com,8647124366,Voonix,Red,Active
Melinde,Simmens,msimmenspk@goodreads.com,6315936686,Gabtype,Green,Active
Melony,Wilds,mwildsnj@gnu.org,9348820509,Meeveo,Green,Active
Melony,Cushelly,mcushellyo0@amazon.com,6623052313,Buzzbean,Green,Active
Menard,Rosendahl,mrosendahlhq@intel.com,8363081835,Mynte,Green,InActive
Mercie,Swindles,mswindles9j@simplemachines.org,8203072667,Twitterbeat,Orange,Active
Merell,Reimer,mreimer55@edublogs.org,5792378778,Skipstorm,Red,Active
Merilyn,Simpole,msimpoleek@posterous.com,6409187696,Dabvine,Orange,Active
Merralee,Beccero,mbecceroq3@opensource.org,7689687824,Zoombeat,Green,Active
Merrielle,MacWilliam,mmacwilliamh5@livejournal.com,1302446028,Mybuzz,Orange,Active
Merrielle,Parres,mparresmo@unblog.fr,7707925839,Linktype,Green,Active
Merv,Mussettini,mmussettiniit@mysql.com,5445486903,Gabcube,Green,Active
Merwyn,Myrie,mmyriecy@goo.ne.jp,9257403026,Plajo,Orange,Active
Michaela,Schoenleiter,mschoenleiterid@umn.edu,8821810687,InnoZ,Green,InActive
Michele,Le Brom,mlebromqc@mapy.cz,6818580857,Eabox,Green,InActive
Michell,Cockrill,mcockrillo2@microsoft.com,4987783995,Youfeed,Green,Active
Michelle,Gillbey,mgillbey99@washington.edu,9422673766,Skaboo,Orange,Active
Milka,Barthot,mbarthoter@arizona.edu,5141084067,Oyoloo,Orange,Active
Millard,Ison,mison1o@i2i.jp,6427813467,Voolith,Red,InActive
Moise,Reay,mreays@artisteer.com,3989124052,Meevee,Red,Active
Montague,Berrigan,mberriganim@redcross.org,1003172369,Skimia,Green,Active
Mordecai,Stammer,mstammer9q@meetup.com,2415174070,Linklinks,Orange,InActive
Morgun,Burnyate,mburnyateb5@feedburner.com,3139610669,Quatz,Orange,Active
Morley,McCome,mmccomeec@google.com.au,1533786073,Vimbo,Orange,Active
Mortie,Cottage,mcottaged7@imdb.com,8813420856,Youtags,Orange,Active
Myranda,Swinden,mswindenes@istockphoto.com,5742179893,Jaxnation,Orange,Active
Myrilla,Wakelin,mwakelinm0@usnews.com,5575779988,Brainlounge,Green,Active
Myrna,Dyhouse,mdyhouse76@slideshare.net,4435534861,Devshare,Orange,Active
Myrtia,Dimnage,mdimnage94@elpais.com,7311630987,Tagtune,Orange,Active
Myrwyn,Ternault,mternaulted@g.co,5682427274,Zoonder,Orange,Active
Nadiya,Daverin,ndaverin4@mashable.com,1152390266,Cogilith,Red,InActive
Natal,Flucker,nflucker3c@aol.com,9841727648,Oyoyo,Red,Active
Natalee,Josofovitz,njosofovitz6u@bbb.org,5869533969,Wikido,Red,InActive
Natalya,Diament,ndiamentfy@is.gd,2797969696,Meembee,Orange,Active
Nathanial,Adamczyk,nadamczykdv@etsy.com,6241580969,Dynazzy,Orange,Active
Neila,Linham,nlinhamj4@umn.edu,8107271280,Topicshots,Green,Active
Neilla,Churm,nchurmg4@house.gov,1425124116,Demimbu,Orange,Active
Nelson,McNeilly,nmcneillypy@fda.gov,1717848221,Yozio,Green,InActive
Nessie,Spanton,nspanton85@printfriendly.com,2855315458,Realcube,Orange,Active
Neville,Ferneyhough,nferneyhoughk3@google.com.au,2601541472,Meembee,Green,Active
Nicol,Willey,nwilleyh1@vkontakte.ru,2688632563,Photobug,Orange,Active
Nicolette,Hartopp,nhartoppdd@xing.com,4432051775,Yacero,Orange,Active
Niels,Westmoreland,nwestmorelandom@patch.com,1079174052,Demivee,Green,Active
Nilson,Toffetto,ntoffettofq@technorati.com,2889438784,Rhyzio,Orange,InActive
Noble,Reschke,nreschkebf@umich.edu,3334270727,Kwideo,Orange,Active
Nolly,Abramamov,nabramamov3k@joomla.org,6064086608,Tazzy,Red,Active
Nona,Van Hove,nvanhove3o@yahoo.co.jp,3937506270,Wikizz,Red,Active
Nonah,Twaite,ntwaiteq6@microsoft.com,4551544482,Yodel,Green,Active
Noreen,Balme,nbalmel@moonfruit.com,4667236966,Voonyx,Red,Active
Normie,Leeburn,nleeburn9d@altervista.org,9722061577,Vinte,Orange,Active
Norton,Lewnden,nlewnden7g@bandcamp.com,9717381861,Podcat,Orange,Active
Nowell,Johnsey,njohnseyi4@paypal.com,3747581390,Vidoo,Green,Active
Odette,Aguirre,oaguirren3@ucla.edu,3192873215,Aimbu,Green,Active
Ofilia,Scudders,oscuddersm4@php.net,9677051448,Quatz,Green,Active
Oliver,Darnbrook,odarnbrookmf@instagram.com,9344661059,Photobug,Green,Active
Olvan,Roskruge,oroskrugeeu@sciencedaily.com,3742818731,Chatterpoint,Orange,InActive
Orelle,Durdy,odurdyhm@ask.com,2716534168,Browsebug,Orange,Active
Osgood,Yate,oyate8o@wp.com,7039175649,Voolith,Orange,Active
Oswald,Local,olocalih@soup.io,7191634909,Ainyx,Green,Active
Othella,Seater,oseaterrj@ihg.com,5217270063,Yacero,Green,Active
Palmer,Lemerie,plemerier7@zimbio.com,1753272137,Yakijo,Green,Active
Pamelina,Rosenbusch,prosenbuschdb@patch.com,3559749994,Rhyloo,Orange,Active
Pammi,Paulus,ppauluspe@google.co.uk,7094876445,Mita,Green,Active
Pammie,Franiak,pfraniako8@toplist.cz,6868693249,Devpulse,Green,InActive
Paola,Petow,ppetowfc@unicef.org,9054934302,Tambee,Orange,Active
Pat,Seleway,pseleway40@amazon.com,3479446734,Quatz,Red,Active
Patience,Gillions,pgillionsi1@netvibes.com,7422612313,Pixoboo,Green,Active
Patrice,Scamerdine,pscamerdinehd@fda.gov,1579077453,Aivee,Orange,InActive
Paul,Stogill,pstogill3a@toplist.cz,3204158784,Photospace,Red,Active
Paula,Mosey,pmosey7w@un.org,2752082399,Voonix,Orange,Active
Pauly,Kalvin,pkalvin3j@hugedomains.com,1212946377,Feedmix,Red,Active
Pearla,Kitchiner,pkitchinerl1@reverbnation.com,9962146443,Topiczoom,Green,Active
Peg,Rubel,prubelme@exblog.jp,1753799028,Trunyx,Green,Active
Pennie,Baish,pbaishfp@eventbrite.com,1796739680,Jaxbean,Orange,Active
Peri,Baselio,pbaseliof3@wsj.com,5414661526,Dynava,Orange,Active
Perla,Ridge,pridgee3@forbes.com,7055343826,Pixoboo,Orange,Active
Perrine,Chatterton,pchatterton16@seesaa.net,8975220658,Plambee,Red,Active
Peyter,Moodycliffe,pmoodycliffeqf@homestead.com,6101493763,Zazio,Green,InActive
Philip,De Ambrosis,pdeambrosis15@google.de,5373754509,Aimbu,Red,Active
Pierette,Shelly,pshelly89@youku.com,3382442997,Oyoba,Orange,Active
Pierson,Howels,phowels5y@reddit.com,4318161581,Eayo,Red,Active
Pietrek,O'Corrigane,pocorrigane2o@hatena.ne.jp,9993327848,Zava,Red,Active
Pip,Noddles,pnoddlesnm@shutterfly.com,3697277657,Eazzy,Green,InActive
Porter,Moubray,pmoubray27@behance.net,2193007010,Vipe,Red,Active
Powell,Feldon,pfeldonlo@google.ca,6181979598,Jayo,Green,Active
Prentiss,Silverstone,psilverstonegd@msu.edu,5047799288,Twinte,Orange,Active
Price,Kiessel,pkiessel2@hostgator.com,3589639318,Shufflebeat,Red,Active
Pryce,Hankinson,phankinson5u@java.com,1325476954,Twinder,Red,Active
Quentin,Benitez,qbenitez6r@opensource.org,1784427949,Pixoboo,Red,InActive
Quinn,Fayerman,qfayermanmk@ning.com,9939561119,Jayo,Green,Active
Quintilla,Sutheran,qsutherann9@pcworld.com,5947200333,Wikivu,Green,Active
Radcliffe,Wannan,rwannana3@howstuffworks.com,2836489738,Meemm,Orange,Active
Raddy,Balmforth,rbalmforthiv@ft.com,6801207916,Plambee,Green,Active
Raff,Sheldrick,rsheldrickr2@merriam-webster.com,9174261226,Demivee,Green,Active
Raimundo,McKeaveney,rmckeaveney17@msn.com,9858883953,Twinte,Red,Active
Rainer,Tammadge,rtammadge3f@spotify.com,6842488328,Tambee,Red,Active
Ralf,Castilla,rcastilla65@craigslist.org,5839375150,Mynte,Red,Active
Ramsay,Oldred,roldredp4@ustream.tv,7909284099,Meevee,Green,Active
Ramsey,Le Sarr,rlesarrd6@earthlink.net,4526433892,Pixoboo,Orange,Active
Randolf,Hitscher,rhitscherbo@nbcnews.com,1469732069,Roombo,Orange,InActive
Randolf,Waby,rwabyqe@oakley.com,4552738576,Leenti,Green,Active
Ranna,Fittis,rfittisqx@accuweather.com,9019648531,Buzzdog,Green,Active
Ravid,Wyllis,rwyllisbd@earthlink.net,7178246867,Eire,Orange,InActive
Rayner,Blennerhassett,rblennerhassetths@comcast.net,9043673049,Youtags,Green,Active
Reg,Matantsev,rmatantsevr@altervista.org,1363882292,Twitterlist,Red,Active
Reinwald,Jago,rjago6g@360.cn,6924999284,Jayo,Red,Active
Rem,Playford,rplayford9b@webs.com,7908061931,Jamia,Orange,Active
Remington,Peyro,rpeyroqz@wiley.com,8699189730,Katz,Green,InActive
Remy,Lanphere,rlanpheremz@forbes.com,8826840729,Oloo,Green,Active
Renard,Edlyne,redlynecv@amazon.co.uk,7991128550,Kanoodle,Orange,Active
Renato,Klimczak,rklimczak31@loc.gov,9979133288,Tavu,Red,Active
Rhodia,Rea,rrearf@wunderground.com,1082837379,Quimba,Green,Active
Rice,Macauley,rmacauleyl8@chronoengine.com,9294989099,Brightbean,Green,Active
Richart,Tuttle,rtuttlee@google.com.br,5693767796,Quimba,Red,Active
Ricki,Kohrding,rkohrdingfm@imdb.com,9972228967,Kwilith,Orange,InActive
Ricky,Brigge,rbriggel7@hostgator.com,9144580596,Jayo,Green,Active
Rivkah,Erskine Sandys,rerskinesandysjo@taobao.com,4204744656,Kwinu,Green,Active
Roana,Falla,rfallans@unblog.fr,4204324661,Tazz,Green,Active
Robin,Wincom,rwincom9r@weather.com,9053148751,Twinte,Orange,Active
Robinette,Biaggi,rbiaggijj@cnbc.com,6762853653,Livetube,Green,Active
Robinson,Surgenor,rsurgenorq7@rakuten.co.jp,7689842097,Zoonder,Green,Active
Roby,Kohnen,rkohnena4@wikia.com,2368729954,Yodoo,Orange,Active
Robyn,Dinis,rdinisnc@google.ru,5996467543,Skinte,Green,InActive
Roddy,Wickson,rwickson1j@amazon.com,1753361269,Einti,Red,Active
Rodolph,Elacoate,relacoatelk@360.cn,1916142000,Edgeblab,Green,InActive
Roldan,Iannitti,riannittikl@sun.com,5721553815,Skiptube,Green,Active
Rolland,Nassey,rnassey6x@dion.ne.jp,2857899670,Edgeclub,Red,Active
Rollin,Whye,rwhyekx@joomla.org,6222192401,Buzzbean,Green,Active
Rolph,Upham,rupham2u@tamu.edu,9581965364,Oozz,Red,InActive
Roma,Rispin,rrispin5l@about.me,3167876712,Muxo,Red,Active
Ronald,Swaffer,rswafferd3@networkadvertising.org,6942044411,Eamia,Orange,Active
Roobbie,Chastanet,rchastanetf4@geocities.com,9677659090,Eire,Orange,InActive
Rosabelle,Goodee,rgoodeee2@forbes.com,7546257195,Browsecat,Orange,Active
Rosaline,Drinkale,rdrinkaledl@bizjournals.com,3152862747,Yombu,Orange,Active
Rosco,Bastin,rbastinkg@nyu.edu,7562485864,Cogibox,Green,Active
Rourke,Wilshire,rwilshire2k@spiegel.de,9525012045,Yodel,Red,Active
Roxanna,McGilvray,rmcgilvrayma@noaa.gov,6267857702,Livefish,Green,InActive
Royal,Towsey,rtowseyg5@vistaprint.com,1529410460,Blogspan,Orange,InActive
Rozele,Whittuck,rwhittucko5@biblegateway.com,5955663566,Linktype,Green,Active
Rudolfo,Grigorio,rgrigorio7f@opensource.org,2463640606,Katz,Orange,Active
Ruthanne,Duddle,rduddlegl@github.io,4847961685,Yakijo,Orange,Active
Ruthe,Sandeford,rsandeford2h@so-net.ne.jp,2016847850,Kwinu,Red,InActive
Ryun,Oblein,roblein84@ifeng.com,5502410085,Meejo,Orange,Active
Sal,Ledram,sledramgf@soundcloud.com,5643988047,Photolist,Orange,Active
Samuel,Jamblin,sjamblinhe@over-blog.com,7912692526,Thoughtbeat,Orange,Active
Sande,Rizzini,srizzinipq@miitbeian.gov.cn,9963926990,Aibox,Green,Active
Sandro,Smitton,ssmitton7i@sbwire.com,3438156044,Youspan,Orange,Active
Sandye,Greve,sgreveis@goo.gl,7622953356,Voomm,Green,InActive
Sanson,Margeram,smargeram9i@google.ca,1172515866,Geba,Orange,Active
Sapphire,Barendtsen,sbarendtsenac@miitbeian.gov.cn,4967640912,Feedspan,Orange,Active
Sarge,Leyden,sleydenmq@home.pl,3659854985,Skynoodle,Green,Active
Saundra,Hyrons,shyronsco@skyrock.com,8005675924,Kwideo,Orange,Active
Scarface,Toll,stolljc@hugedomains.com,4761657065,Rhycero,Green,InActive
Scarlet,Crowson,scrowsonaq@abc.net.au,2414988702,Viva,Orange,Active
Schuyler,Domanek,sdomanekka@gnu.org,6525088326,Kwilith,Green,Active
Sean,Delgadillo,sdelgadillo80@ifeng.com,1571015499,Wikido,Orange,InActive
Shadow,Legerwood,slegerwoode1@yolasite.com,1707350826,Blogtag,Orange,Active
Shanda,Brandoni,sbrandonip@shop-pro.jp,8431995146,Avaveo,Red,Active
Shanie,Woolens,swoolensmw@jalbum.net,9001904426,Mybuzz,Green,InActive
Sharity,Morefield,smorefieldaf@ftc.gov,5185986554,Twitterlist,Orange,Active
Sharleen,Bloan,sbloanmu@domainmarket.com,7683490081,Chatterbridge,Green,Active
Sharline,Lennard,slennard9u@nydailynews.com,6713489318,Abata,Orange,InActive
Sharon,Boules,sboulesro@ovh.net,1537175837,Vitz,Green,Active
Shelia,Grzelczak,sgrzelczak9g@aboutads.info,9394995795,Kwideo,Orange,Active
Shelli,Semeniuk,ssemeniukz@jimdo.com,5793187460,Digitube,Red,Active
Sheppard,Schlagh,sschlaghoi@live.com,1559094399,Innojam,Green,Active
Sherrie,Pinckney,spinckney98@yellowbook.com,4118725001,Devbug,Orange,Active
Sherwood,Coping,scopingq@ucla.edu,2883400832,Photobean,Red,Active
Shina,Whear,swhear22@mapquest.com,1331495226,Skippad,Red,Active
Shoshanna,Dahlback,sdahlbackai@last.fm,5371769430,Kwilith,Orange,Active
Si,Tineman,stinemanbz@prnewswire.com,1761666340,Twitterbeat,Orange,Active
Sianna,Clair,sclair3e@so-net.ne.jp,4512846425,Zoombox,Red,Active
Sibbie,Barke,sbarkeax@walmart.com,3623261271,Eamia,Orange,Active
Sibel,Conneely,sconneely2j@mapquest.com,6637022291,Cogidoo,Red,Active
Sibylle,Dommersen,sdommersenjs@virginia.edu,7903687046,Fiveclub,Green,Active
Sigismond,Selwood,sselwoodno@yale.edu,7981789825,Myworks,Green,InActive
Simmonds,Troak,stroaknq@washingtonpost.com,8751464192,Thoughtbeat,Green,InActive
Simone,Sieur,ssieurpb@vimeo.com,6235872553,Feedfish,Green,Active
Simonne,Nutbrown,snutbrownrb@apache.org,8979346498,Npath,Green,Active
Siobhan,Hebborn,shebborn8r@youtu.be,6311403100,Eazzy,Orange,Active
Siouxie,Osselton,sosselton6@newyorker.com,8127089558,Quimba,Red,Active
Siward,Simla,ssimlaql@woothemes.com,5934121530,Buzzster,Green,Active
Skipp,Durbann,sdurbann62@cornell.edu,6174806883,Flashset,Red,Active
Sky,Reading,sreadingja@linkedin.com,1968144368,Buzzbean,Green,Active
Skyler,Plews,splewsy@slideshare.net,1863894901,Jaxworks,Red,Active
Sloane,Sonier,ssonierj5@youku.com,5424059740,Skipstorm,Green,Active
Solomon,Wavell,swavellkr@istockphoto.com,6546294657,Tavu,Green,Active
Sonny,Tammadge,stammadgein@unc.edu,6335835341,Trilia,Green,Active
Spense,Fairleigh,sfairleighox@quantcast.com,3618979689,Dabshots,Green,Active
Stacy,Innis,sinnisau@networkadvertising.org,2213781017,Vipe,Orange,Active
Stanislaw,Lakeman,slakeman7z@webs.com,2433325096,Bluezoom,Orange,Active
Stanley,Strevens,sstrevensqg@bravesites.com,1955794256,Flashspan,Green,Active
Star,Reppaport,sreppaportpi@comcast.net,2858682661,Zava,Green,Active
Steffen,Leversuch,sleversuch50@t-online.de,6543851111,Gevee,Red,Active
Stinky,Dangerfield,sdangerfieldli@bloglovin.com,5904060706,Realmix,Green,InActive
Stuart,Battill,sbattill60@networkadvertising.org,9833540018,Pixonyx,Red,Active
Sutton,Channer,schannercj@ustream.tv,3064045125,Kwilith,Orange,Active
Symon,Kilbee,skilbee6e@purevolume.com,4982244643,Quinu,Red,Active
Tab,Willisch,twillischp2@washington.edu,8034631686,Wordware,Green,Active
Tabbatha,Pridding,tpridding38@cornell.edu,3437605874,Yakijo,Red,Active
Tamarra,Lambal,tlambalmm@springer.com,9658325403,Chatterbridge,Green,Active
Tamera,Hake,thakerq@cbc.ca,2852431462,Quamba,Green,InActive
Tammara,Peizer,tpeizer8x@mac.com,9866220364,Livetube,Orange,Active
Tansy,Bartusek,tbartusekaw@geocities.jp,5788881794,Demizz,Orange,Active
Tate,Danielli,tdanielli1i@usnews.com,2683375098,Roodel,Red,Active
Tate,Scarlon,tscarlonoe@house.gov,4762266332,Eamia,Green,Active
Tatum,Leband,tleband1h@chicagotribune.com,9764764915,Aimbu,Red,Active
Teirtza,Hordle,thordle5f@vimeo.com,8563863904,Meembee,Red,InActive
Teodor,Axcel,taxcelbe@altervista.org,8467994375,Jabberstorm,Orange,Active
Teresa,O'Day,todaylj@51.la,8236059572,Kamba,Green,Active
Terri,Benz,tbenzpp@cornell.edu,8171433264,Thoughtworks,Green,Active
Terza,Markussen,tmarkussenbn@wikipedia.org,8119366463,Kwilith,Orange,Active
Thadeus,Salamon,tsalamon8v@exblog.jp,6307659381,Tagfeed,Orange,Active
Theda,Povlsen,tpovlsen83@joomla.org,6279435933,Kwideo,Orange,Active
Thom,Desson,tdessonm@aboutads.info,3935299007,Tanoodle,Red,Active
Thorny,Campione,tcampione2i@oaic.gov.au,5317940193,Fiveclub,Red,InActive
Thorny,Duffy,tduffyfb@state.gov,3478575809,Skimia,Orange,Active
Tiebout,McGragh,tmcgraghoz@jiathis.com,4235588421,Skiptube,Green,Active
Tiff,Alyukin,talyuking9@baidu.com,3395066526,Aibox,Orange,Active
Tildi,Djurevic,tdjurevicad@ft.com,7167357975,Ntag,Orange,Active
Tillie,Fissenden,tfissenden63@xinhuanet.com,3591805943,Zooxo,Red,InActive
Timmie,Coolican,tcoolican5a@ycombinator.com,5078000703,Rhybox,Red,InActive
Tiphanie,Luisetti,tluisetti7n@loc.gov,8189211753,Youtags,Orange,Active
Tito,Hance,thance33@yellowpages.com,2065273306,Voonder,Red,Active
Tobe,Dwane,tdwanem1@pen.io,8719488385,Devbug,Green,Active
Toddie,Freyne,tfreynen4@360.cn,5039793780,Browsedrive,Green,InActive
Toinette,Tuplin,ttuplinqk@plala.or.jp,6677273178,Bubblemix,Green,Active
Tom,Gaffney,tgaffneycd@dailymail.co.uk,1702815746,Divape,Orange,Active
Tomi,Lavalde,tlavalde5e@bigcartel.com,7393152212,Thoughtbeat,Red,Active
Tommie,Ciccarello,tciccarellohf@sohu.com,2092986782,Jabbersphere,Orange,Active
Tootsie,Phillcock,tphillcock8c@cpanel.net,1866816005,Omba,Orange,Active
Torey,Daltry,tdaltryb8@cyberchimps.com,5688234111,Miboo,Orange,Active
Tori,Birrel,tbirrelpa@salon.com,9318140056,Flipopia,Green,Active
Torr,Counihan,tcounihan32@comcast.net,7913045194,Yamia,Red,Active
Torrin,Bush,tbushmh@dmoz.org,1605499157,Devshare,Green,Active
Traci,Megarrell,tmegarrellb1@networkadvertising.org,5681314435,Quire,Orange,Active
Tracie,Dalgliesh,tdalglieshbx@51.la,4931695862,Photobug,Orange,Active
Traver,Goddman,tgoddmanp0@mozilla.com,3422870965,Fivechat,Green,Active
Trisha,Timmes,ttimmesn7@webnode.com,6859249495,Skynoodle,Green,Active
Trix,Mazillius,tmazilliusan@foxnews.com,6078539937,Photolist,Orange,InActive
Trixy,O'Duggan,todugganc3@hibu.com,8096925487,Zoombox,Orange,Active
Trumaine,Kennewell,tkennewell79@ox.ac.uk,5943508573,Cogilith,Orange,Active
Tucker,Agus,tagusd4@dagondesign.com,3443473826,Flipstorm,Orange,Active
Twila,Knewstubb,tknewstubb36@live.com,6154083285,Tambee,Red,Active
Tybi,Oneile,toneilebb@plala.or.jp,4182424544,Eidel,Orange,InActive
Tyrone,Hundley,thundleya9@hao123.com,4257963832,Avavee,Orange,Active
Ulberto,Heighton,uheighton49@usnews.com,5652442134,Yotz,Red,Active
Umeko,Adelsberg,uadelsbergp5@dell.com,3794537718,Tavu,Green,Active
Urbain,O'Breen,uobreeno9@omniture.com,6595317886,Teklist,Green,Active
Uriah,Carmichael,ucarmichael4k@amazon.co.uk,1514897068,Jabbersphere,Red,Active
Vale,Coolican,vcoolican3w@constantcontact.com,3213044738,Skyndu,Red,Active
Vale,Senner,vsennerdw@blogtalkradio.com,4433649955,Photobug,Orange,Active
Valene,Gross,vgrossfg@51.la,8347553419,Skiba,Orange,Active
Valentine,Ledwitch,vledwitchm9@histats.com,7848592837,Digitube,Green,InActive
Valeria,Shurey,vshurey8z@nps.gov,6645636426,Pixoboo,Orange,Active
Valerye,Dumbelton,vdumbeltonkf@google.it,2817313076,Youspan,Green,Active
Valida,O'Gormley,vogormleyqd@ox.ac.uk,4284836395,Zoomcast,Green,Active
Valli,Enevoldsen,venevoldsen1v@issuu.com,7321300065,Jabbertype,Red,Active
Vallie,Allsupp,vallsupp5c@state.tx.us,1941855295,Twitterworks,Red,Active
Vally,Lysaght,vlysaghtmv@360.cn,8447180676,Bubblemix,Green,InActive
Vance,Chesnay,vchesnayc0@canalblog.com,1963592046,Yabox,Orange,Active
Vanda,Sarra,vsarrami@scribd.com,8048206733,Edgewire,Green,Active
Vasili,Vogeller,vvogeller7p@rambler.ru,3506445342,Meedoo,Orange,Active
Verge,Armin,varmin1a@prnewswire.com,5222641672,Linklinks,Red,Active
Vi,Ivetts,vivettspv@cbsnews.com,7808571985,Thoughtblab,Green,InActive
Vidovik,McKellar,vmckellardk@miitbeian.gov.cn,6712616359,Gabtune,Orange,Active
Vikky,Chaudhry,vchaudhry7k@w3.org,8854636771,Flashspan,Orange,Active
Vikky,Andrys,vandryslp@barnesandnoble.com,7893416753,Eadel,Green,Active
Viola,Jarratt,vjarratt26@phoca.cz,6946422885,Zoomzone,Red,Active
Violante,Bonnyson,vbonnysoneq@mac.com,1792820314,Camimbo,Orange,Active
Vitoria,Pymm,vpymm4l@deliciousdays.com,4634115322,Blognation,Red,Active
Vittorio,Malarkey,vmalarkey1f@ovh.net,3725256629,Zoovu,Red,InActive
Viva,Palfreyman,vpalfreyman4x@howstuffworks.com,6362549088,Zoombox,Red,InActive
Vivia,Drummond,vdrummond7o@phoca.cz,6152650013,Tagpad,Orange,Active
Vivian,Speariett,vspeariettcc@elpais.com,9784365514,Fivebridge,Orange,Active
Viviana,Batiste,vbatiste12@wisc.edu,1183382233,Riffwire,Red,Active
Vonny,Albin,valbink6@answers.com,1536583179,Innojam,Green,Active
Wait,Melesk,wmeleskls@irs.gov,5507351707,Jaxbean,Green,Active
Ward,Helling,whellingms@taobao.com,4158937385,Abata,Green,Active
Ware,Scroyton,wscroytonp9@gizmodo.com,4493579391,Katz,Green,Active
Wat,Leffek,wleffek5h@engadget.com,3025591614,Feedspan,Red,Active
Way,Blesdill,wblesdilllw@kickstarter.com,5571892127,Zoozzy,Green,InActive
Weber,Stanhope,wstanhopeqm@fotki.com,6574118698,Roodel,Green,Active
Welbie,Vernazza,wvernazza58@google.co.jp,4223301405,Brightbean,Red,Active
Wells,Pavinese,wpavinese2a@noaa.gov,4059673051,Tavu,Red,Active
Wendall,Tulley,wtulleyb0@hostgator.com,8505340939,Gabtype,Orange,Active
Wernher,Ghidoni,wghidonio6@wordpress.com,6226258679,Zoombox,Green,Active
Westbrook,Parzis,wparziso4@comsenz.com,9466997458,Twimbo,Green,Active
Westley,Ofer,woferdo@cloudflare.com,7908127174,Buzzbean,Orange,Active
Whitaker,Siggins,wsiggins6c@miitbeian.gov.cn,3228124463,Twimbo,Red,Active
Wilbur,Boules,wboules74@zimbio.com,7548723098,Flashset,Red,Active
Wilburt,Crotty,wcrotty56@furl.net,9804376625,Pixoboo,Red,Active
Wilhelmine,Canti,wcantiep@illinois.edu,6183860185,Twitterlist,Orange,Active
Wilhelmine,O'Hagirtie,wohagirtiep6@soundcloud.com,9892721050,Dabshots,Green,Active
Will,Mascall,wmascallv@moonfruit.com,7636756277,Einti,Red,Active
Willdon,Jacobs,wjacobspj@who.int,3566982055,Skibox,Green,Active
Wilona,Gaythor,wgaythorc9@aol.com,4478168623,Realblab,Orange,Active
Wini,Fery,wferyfj@linkedin.com,9712439425,Topdrive,Orange,Active
Witty,Jendrassik,wjendrassikeg@epa.gov,8204081994,Devify,Orange,InActive
Woody,Shorthill,wshorthillbk@forbes.com,2038753098,Yakidoo,Orange,Active
Woody,Jimes,wjimesr6@domainmarket.com,7549687403,Fliptune,Green,Active
Worth,Claibourn,wclaibourn35@hc360.com,2881649238,Cogilith,Red,Active
Yank,Altree,yaltreegy@gov.uk,5674942466,Photobean,Orange,Active
Yettie,Pitway,ypitwaykd@hc360.com,4646183393,Demizz,Green,Active
Yetty,Andric,yandricca@house.gov,9297108402,Bubblemix,Orange,Active
Ynes,Beavers,ybeavers66@issuu.com,3176604135,Flashdog,Red,Active
Zaccaria,Pisco,zpiscoqy@creativecommons.org,6852184712,Thoughtbeat,Green,Active
Zach,Shilling,zshillingnf@linkedin.com,8889573076,Yabox,Green,Active
Zachariah,Najara,znajara1n@bloomberg.com,5547464537,Quatz,Red,Active
Zacharie,Barthod,zbarthod93@dell.com,9141557067,Feednation,Orange,InActive
Zachary,Hedditeh,zhedditeh82@washington.edu,7723076173,Shufflester,Orange,Active
Zachery,Sothern,zsothern3p@example.com,5993700517,Tazz,Red,Active
Zahara,Jenney,zjenneydn@macromedia.com,7187981189,Linkbuzz,Orange,InActive
Zechariah,Henker,zhenkerao@chron.com,8132279154,Oyoyo,Orange,Active
Zelda,Reucastle,zreucastleff@imgur.com,7817438316,Skyble,Orange,InActive
Zenia,Studders,zstuddershw@yelp.com,2457015767,Meetz,Green,Active
Zorana,Cheyney,zcheyneygx@ucsd.edu,2171469505,Feedfire,Orange,Active
Zorina,Dudney,zdudneyea@jugem.jp,3488297763,Wordify,Orange,Active
